{
  "paths": {
    "dbFile": "/var/db/devicemonitor/devices.db",
    "ouiFile": "/var/db/devicemonitor/oui.txt",
    "configFile": "/var/db/devicemonitor/config.json",
    "cronFile": "/etc/cron.d/devicemonitor_oui",
    "pidFile": "/var/run/devicemonitor.pid",
    "scanScript": "/usr/local/opnsense/scripts/OPNsense/DeviceMonitor/scan_network.py",
    "daemonScript": "/usr/local/opnsense/scripts/OPNsense/DeviceMonitor/monitor_daemon.py",
    "ouiDownloadScript": "/usr/local/opnsense/scripts/OPNsense/DeviceMonitor/download_oui.py",
    "configController": "/usr/local/opnsense/mvc/app/controllers/OPNsense/DeviceMonitor",
    "apiBaseUrl": "https://localhost/api/devicemonitor",
    "apiEmailUrl": "https://localhost/api/devicemonitor/config/sendEmail",
    "apiWebhookUrl": "https://localhost/api/devicemonitor/config/sendWebhook"
  },
  "config": {
    "enabled": "0",
    "email_enabled": "1",
    "email_to": "",
    "email_from": "devicemonitor@opnsense.local",
    "webhook_enabled": "0",
    "webhook_url": "",
    "scan_interval": "300",
    "show_domain": "0",
    "oui": {
      "urls": [
        "http://standards-oui.ieee.org/oui/oui.txt",
        "http://standards-oui.ieee.org/oui.txt",
        "http://standards.ieee.org/develop/regauth/oui/oui.txt"
      ],
      "auto_update_enabled": "0",
      "update_hour": "3"
    }
  }
}